{
  "EqualWeight": {
    "ann_return": 0.15008686075684952,
    "ann_vol": 0.18460188630203272,
    "sharpe": 0.8130299411528649,
    "sortino": 0.9937034737620883,
    "maxdd": -0.461850492181975,
    "final_wealth": 12.453675920518508,
    "turnover": 0.07505076180757618,
    "n_rebal": 76
  },
  "MinVar": {
    "ann_return": 0.10032022637632843,
    "ann_vol": 0.14041280165561068,
    "sharpe": 0.7144663819356231,
    "sortino": 0.8720828884210258,
    "maxdd": -0.3521018097133693,
    "final_wealth": 5.557520434245822,
    "turnover": 0.5145405877390175,
    "n_rebal": 76
  },
  "MaxSharpe": {
    "ann_return": 0.13349838290141872,
    "ann_vol": 0.21112475188370788,
    "sharpe": 0.6323199042760866,
    "sortino": 0.8249035520120342,
    "maxdd": -0.5724597245024724,
    "final_wealth": 8.240850117345719,
    "turnover": 1.5352296549046007,
    "n_rebal": 76
  },
  "Markowitz0.5": {
    "ann_return": 0.16671661855944317,
    "ann_vol": 0.3637722687771509,
    "sharpe": 0.45829941660994167,
    "sortino": 0.6304737204063371,
    "maxdd": -0.8154877864040136,
    "final_wealth": 6.764970047408436,
    "turnover": 1.6542157847606205,
    "n_rebal": 76
  },
  "SA-card(K15)": {
    "ann_return": 0.13040160999109737,
    "ann_vol": 0.3722414030424421,
    "sharpe": 0.3503146316484018,
    "sortino": 0.473826971615051,
    "maxdd": -0.8880465028378904,
    "final_wealth": 3.197355877782391,
    "turnover": 1.689063042036926,
    "n_rebal": 76
  },
  "GNN-card(K15)": {
    "ann_return": 0.16672127436338374,
    "ann_vol": 0.36376633632216715,
    "sharpe": 0.4583196896365039,
    "sortino": 0.6304964371251116,
    "maxdd": -0.8154799707696363,
    "final_wealth": 6.7658311827385385,
    "turnover": 1.6541993773893098,
    "n_rebal": 76
  }
}