{
  "EqualWeight": {
    "ann_return": 0.15008686075684952,
    "ann_vol": 0.18460188630203272,
    "sharpe": 0.8130299411528649,
    "sortino": 0.9937034737620883,
    "maxdd": -0.461850492181975,
    "final_wealth": 12.453675920518508,
    "turnover": 0.07505076180757618,
    "n_rebal": 76
  },
  "MinVar": {
    "ann_return": 0.09883855280130721,
    "ann_vol": 0.14126024811333537,
    "sharpe": 0.6996912020288075,
    "sortino": 0.8560627423191014,
    "maxdd": -0.34430785449070067,
    "final_wealth": 5.391563530912882,
    "turnover": 0.5515828495901312,
    "n_rebal": 76
  },
  "MaxSharpe": {
    "ann_return": 0.15194437404301936,
    "ann_vol": 0.20250625976152062,
    "sharpe": 0.7503193936916077,
    "sortino": 0.9813476714358038,
    "maxdd": -0.5141938410074028,
    "final_wealth": 12.086963681350836,
    "turnover": 1.1523241980270582,
    "n_rebal": 76
  },
  "Markowitz0.5": {
    "ann_return": 0.2980336853600362,
    "ann_vol": 0.3621560968407965,
    "sharpe": 0.8229426149659756,
    "sortino": 1.2174749348383291,
    "maxdd": -0.6153225262851021,
    "final_wealth": 83.08465749753344,
    "turnover": 1.0425096974526606,
    "n_rebal": 76
  },
  "SA-card(K15)": {
    "ann_return": 0.2907682804304974,
    "ann_vol": 0.3610553437587579,
    "sharpe": 0.805328837965563,
    "sortino": 1.1861545937853621,
    "maxdd": -0.6276059197155099,
    "final_wealth": 72.88149079588592,
    "turnover": 1.249206483225245,
    "n_rebal": 76
  },
  "GNN-card(K15)": {
    "ann_return": 0.2980252354116504,
    "ann_vol": 0.36215168140205933,
    "sharpe": 0.8229293158542151,
    "sortino": 1.217454441751329,
    "maxdd": -0.6153210808937893,
    "final_wealth": 83.07388292532305,
    "turnover": 1.0425060170055056,
    "n_rebal": 76
  }
}