{
  "EqualWeight": {
    "ann_return": 0.15008686075684952,
    "ann_vol": 0.18460188630203272,
    "sharpe": 0.8130299411528649,
    "sortino": 0.9937034737620883,
    "maxdd": -0.461850492181975,
    "final_wealth": 12.453675920518508,
    "turnover": 0.07505076180757618,
    "n_rebal": 76
  },
  "MinVar": {
    "ann_return": 0.10032022637632843,
    "ann_vol": 0.14041280165561068,
    "sharpe": 0.7144663819356231,
    "sortino": 0.8720828884210258,
    "maxdd": -0.3521018097133693,
    "final_wealth": 5.557520434245822,
    "turnover": 0.5145405877390175,
    "n_rebal": 76
  },
  "Mom-MinVar(K15)": {
    "ann_return": 0.0799350130796712,
    "ann_vol": 0.18489276666649584,
    "sharpe": 0.43233174840125377,
    "sortino": 0.5583237825173353,
    "maxdd": -0.521185779407703,
    "final_wealth": 3.2916461857405057,
    "turnover": 1.388765307133414,
    "n_rebal": 76
  },
  "GNN-Mom-MinVar(K15)": {
    "ann_return": 0.08055760294747036,
    "ann_vol": 0.17736005323483772,
    "sharpe": 0.4542037594046399,
    "sortino": 0.5800763586951955,
    "maxdd": -0.4298950280598004,
    "final_wealth": 3.4181072255974736,
    "turnover": 1.3201306708124365,
    "n_rebal": 76
  }
}