{
  "EqualWeight": {
    "ann_return": 0.15008686075684952,
    "ann_vol": 0.18460188630203272,
    "sharpe": 0.8130299411528649,
    "sortino": 0.9937034737620883,
    "maxdd": -0.461850492181975,
    "final_wealth": 12.453675920518508,
    "turnover": 0.07505076180757618,
    "n_rebal": 76
  },
  "MinVar": {
    "ann_return": 0.09883855280130721,
    "ann_vol": 0.14126024811333537,
    "sharpe": 0.6996912020288075,
    "sortino": 0.8560627423191014,
    "maxdd": -0.34430785449070067,
    "final_wealth": 5.391563530912882,
    "turnover": 0.5515828495901312,
    "n_rebal": 76
  },
  "MaxSharpe": {
    "ann_return": 0.15194437404301936,
    "ann_vol": 0.20250625976152062,
    "sharpe": 0.7503193936916077,
    "sortino": 0.9813476714358038,
    "maxdd": -0.5141938410074028,
    "final_wealth": 12.086963681350836,
    "turnover": 1.1523241980270582,
    "n_rebal": 76
  },
  "Markowitz0.5": {
    "ann_return": 0.2980336853600362,
    "ann_vol": 0.3621560968407965,
    "sharpe": 0.8229426149659756,
    "sortino": 1.2174749348383291,
    "maxdd": -0.6153225262851021,
    "final_wealth": 83.08465749753344,
    "turnover": 1.0425096974526606,
    "n_rebal": 76
  },
  "SA-card(K10)": {
    "ann_return": 0.3360963459830185,
    "ann_vol": 0.3652613664167148,
    "sharpe": 0.9201530106514937,
    "sortino": 1.3563304255196613,
    "maxdd": -0.6315277926575152,
    "final_wealth": 167.13376824620576,
    "turnover": 1.298285557686256,
    "n_rebal": 76
  },
  "GNN-card(K10)": {
    "ann_return": 0.29802458326831044,
    "ann_vol": 0.3621509568444169,
    "sharpe": 0.8229291615439368,
    "sortino": 1.217454554433768,
    "maxdd": -0.6153212714206571,
    "final_wealth": 83.07324401037916,
    "turnover": 1.0425011618279563,
    "n_rebal": 76
  }
}