{
  "EqualWeight": {
    "ann_return": 0.15008686075684952,
    "ann_vol": 0.18460188630203272,
    "sharpe": 0.8130299411528649,
    "sortino": 0.9937034737620883,
    "maxdd": -0.461850492181975,
    "final_wealth": 12.453675920518508,
    "turnover": 0.07505076180757618,
    "n_rebal": 76
  },
  "MinVar": {
    "ann_return": 0.10032022637632843,
    "ann_vol": 0.14041280165561068,
    "sharpe": 0.7144663819356231,
    "sortino": 0.8720828884210258,
    "maxdd": -0.3521018097133693,
    "final_wealth": 5.557520434245822,
    "turnover": 0.5145405877390175,
    "n_rebal": 76
  },
  "MaxSharpe": {
    "ann_return": 0.1310468029902963,
    "ann_vol": 0.19386602557601681,
    "sharpe": 0.6759657995821013,
    "sortino": 0.8459898942457642,
    "maxdd": -0.4674634583907097,
    "final_wealth": 8.402956457699462,
    "turnover": 1.4313033264298307,
    "n_rebal": 76
  },
  "Markowitz0.5": {
    "ann_return": 0.1062044736646207,
    "ann_vol": 0.2885855805208018,
    "sharpe": 0.36801725669368734,
    "sortino": 0.48498639329271354,
    "maxdd": -0.7277503525326772,
    "final_wealth": 3.3918547387618943,
    "turnover": 1.6918064443280563,
    "n_rebal": 76
  },
  "SA-card(K15)": {
    "ann_return": 0.13325359118162428,
    "ann_vol": 0.287710037769932,
    "sharpe": 0.4631523884758613,
    "sortino": 0.6360152871039723,
    "maxdd": -0.5821824436182517,
    "final_wealth": 5.7081897778380055,
    "turnover": 1.7277495028384502,
    "n_rebal": 76
  },
  "GNN-card(K15)": {
    "ann_return": 0.10629308129151765,
    "ann_vol": 0.2885608762863173,
    "sharpe": 0.3683558306984451,
    "sortino": 0.48564412282950903,
    "maxdd": -0.7285880904343682,
    "final_wealth": 3.398022360943569,
    "turnover": 1.691658825840545,
    "n_rebal": 76
  }
}