{
  "1500": {
    "SCIP": {
      "E": 0.7579589431809435,
      "k": 57,
      "t": 61.80063772201538,
      "gap_mip": 20.080263445557712,
      "status": "timelimit",
      "gap%": 13819.576004224411
    },
    "SA": {
      "E": -0.0019589717483086133,
      "k": 75,
      "t": 55.631532192230225,
      "gap%": 64.54126963888548
    },
    "Tabu": {
      "E": -0.005524652824165699,
      "k": 75,
      "t": 3.740103244781494,
      "gap%": 0.0
    },
    "GNN": {
      "E": -0.005524652824165699,
      "k": 75,
      "t": 76.89881372451782,
      "gap%": 0.0
    }
  },
  "2000": {
    "SCIP": {
      "E": 17.364022830903163,
      "k": 0,
      "t": 60.63849329948425,
      "gap_mip": 1e+20,
      "status": "timelimit",
      "gap%": 313106.42183156236
    },
    "SA": {
      "E": -0.0020824987628706992,
      "k": 100,
      "t": 98.97173762321472,
      "gap%": 62.46057192030836
    },
    "Tabu": {
      "E": -0.005547497309894567,
      "k": 100,
      "t": 5.295038938522339,
      "gap%": 0.0
    },
    "GNN": {
      "E": -0.005547497309894567,
      "k": 100,
      "t": 140.9869029521942,
      "gap%": 0.0
    }
  }
}