{
  "port2": {
    "SCIP(exact)": 10.73514493172112,
    "SA": 14.838788128631586,
    "Tabu": 12.64664717580428,
    "GNN": 11.62378357145468
  },
  "port4": {
    "SCIP(exact)": 10.804636004109975,
    "SA": 13.317894363999347,
    "Tabu": 12.113516121646443,
    "GNN": 14.620163957982937
  },
  "french49": {
    "SCIP(exact)": 3.2376669845673507,
    "SA": 7.293153434436552,
    "Tabu": 7.55889373503779,
    "GNN": 8.420307469070643
  },
  "nasdaq100": {
    "SCIP(exact)": 5.2795282233344745,
    "SA": 10.146632209996248,
    "Tabu": 9.578323560138834,
    "GNN": 12.027610864723002
  }
}