{
  "per_seed_mean_gap%": [
    0.809154433274475,
    1.1945285932102894,
    1.1474354135574811,
    0.9791090577682279,
    1.1090146224807758
  ],
  "mean": 1.0478484240582497,
  "std": 0.1391932944101068
}