{
  "SP100 (in-dist, held-out)": {
    "mean_gap%": 0.8726941213743694,
    "median_gap%": 0.6675869651940074,
    "inf_ms": 2.493713213049847,
    "tabu_s": 2.1055617885313174,
    "speedup": 844.3476712418405,
    "n": 69
  },
  "NASDAQ100 (OOD universe)": {
    "mean_gap%": 0.48680637014687084,
    "median_gap%": 0.6769654442342515,
    "inf_ms": 1.900547742843628,
    "tabu_s": 2.1036793529987334,
    "speedup": 1106.8799792270408,
    "n": 40
  },
  "French49 (OOD, diff N)": {
    "mean_gap%": 2.1121793075172848,
    "median_gap%": 0.7121953641300129,
    "inf_ms": 1.875847578048706,
    "tabu_s": 2.1021155536174776,
    "speedup": 1120.6211302002525,
    "n": 40
  }
}