{
  "SCIP(exact)": {
    "obj": -0.0032616578621761454,
    "feasible": true,
    "time": 1.1002838611602783,
    "note": "gap=0.000 optimal"
  },
  "Greedy(caps)": {
    "obj": -0.0032616578621761454,
    "feasible": true,
    "time": 0.5730001926422119,
    "note": ""
  },
  "SA": {
    "obj": -0.001911903349923711,
    "feasible": true,
    "time": 2.806626558303833,
    "note": ""
  },
  "Tabu": {
    "obj": -0.0030127298913509583,
    "feasible": true,
    "time": 2.1292381286621094,
    "note": ""
  },
  "GNN": {
    "obj": -0.0027271184559861657,
    "feasible": true,
    "time": 5.705721139907837,
    "note": ""
  }
}