{
  "SCIP(exact)": {
    "obj": -0.00459687396676567,
    "feasible": true,
    "time": 8.164458513259888,
    "note": "gap=0.000 optimal"
  },
  "Greedy(caps)": {
    "obj": -0.004596795033058702,
    "feasible": true,
    "time": 0.7442984580993652,
    "note": ""
  },
  "SA": {
    "obj": -0.0029853414701857084,
    "feasible": true,
    "time": 4.583223104476929,
    "note": ""
  },
  "Tabu": {
    "obj": -0.004198617769807133,
    "feasible": true,
    "time": 2.216644287109375,
    "note": ""
  },
  "GNN": {
    "obj": -0.003934604381417627,
    "feasible": true,
    "time": 6.6116392612457275,
    "note": ""
  }
}