{
  "SCIP(exact)": {
    "obj": -0.004226076720676328,
    "feasible": true,
    "time": 0.5669991970062256,
    "note": "gap=0.000 optimal"
  },
  "Greedy(caps)": {
    "obj": -0.004226076720676328,
    "feasible": true,
    "time": 0.008001327514648438,
    "note": ""
  },
  "SA": {
    "obj": -0.0030352337470968523,
    "feasible": true,
    "time": 0.6459994316101074,
    "note": ""
  },
  "Tabu": {
    "obj": -0.004226076720676328,
    "feasible": true,
    "time": 2.1079962253570557,
    "note": ""
  },
  "GNN": {
    "obj": -0.003339825077066034,
    "feasible": true,
    "time": 4.882122278213501,
    "note": ""
  }
}