{
  "french49": {
    "MIQP(exact)": {
      "return": 0.0007307386494194067,
      "vol": 0.010040458766683288,
      "sharpe": 0.07277940843143316,
      "obj": -0.00026455851246423606,
      "k": 10.0,
      "feasible": 1.0,
      "time": 0.048999786376953125,
      "gap": 0.0
    },
    "SA": {
      "return": 0.0007209322873261443,
      "vol": 0.010295565005144846,
      "sharpe": 0.07002357684749538,
      "obj": -0.00025446748488790893,
      "k": 10.0,
      "feasible": 1.0,
      "qubo_energy": -0.00022261579632827655,
      "time": 0.11299753189086914,
      "gap": 0.038142895053098175
    },
    "Tabu": {
      "return": 0.0007306843268687655,
      "vol": 0.010041003335607502,
      "sharpe": 0.07277005120370847,
      "obj": -0.0002645204154487018,
      "k": 10.0,
      "feasible": 1.0,
      "qubo_energy": -0.0002597205016789811,
      "time": 1.0512681007385254,
      "gap": 0.00014400222914554703
    },
    "Greedy": {
      "return": 0.0007306843268687655,
      "vol": 0.010041003335607502,
      "sharpe": 0.07277005120370847,
      "obj": -0.0002645204154487018,
      "k": 10.0,
      "feasible": 1.0,
      "qubo_energy": -0.0002597205016789811,
      "time": 0.001999378204345703,
      "gap": 0.00014400222914554703
    },
    "Random": {
      "return": 0.0007252730448876913,
      "vol": 0.010251062819403045,
      "sharpe": 0.07075100969188348,
      "obj": -0.00025755223351649816,
      "k": 10.0,
      "feasible": 1.0,
      "qubo_energy": -0.00023920619659627274,
      "time": 0.020000219345092773,
      "gap": 0.026482908761762212
    },
    "GNN": {
      "return": 0.0007306843268687655,
      "vol": 0.010041003335607502,
      "sharpe": 0.07277005120370847,
      "obj": -0.0002645204154487018,
      "k": 10.0,
      "feasible": 1.0,
      "qubo_energy": -0.0002597205016789811,
      "time": 2.960256338119507,
      "qubo_energy_pre_refine": -0.0002597205016789811,
      "gap": 0.00014400222914554703
    }
  },
  "nasdaq100": {
    "MIQP(exact)": {
      "return": 0.0019336285785180418,
      "vol": 0.019811674039487536,
      "sharpe": 0.09760046398219756,
      "obj": -0.0005743118610121165,
      "k": 10.0,
      "feasible": 1.0,
      "time": 0.0039997100830078125,
      "gap": 0.0
    },
    "SA": {
      "return": 0.0020196860992246764,
      "vol": 0.02127985484792947,
      "sharpe": 0.09491070844504336,
      "obj": -0.0005570108272633907,
      "k": 10.0,
      "feasible": 1.0,
      "qubo_energy": -0.0003272318478403091,
      "time": 0.16499853134155273,
      "gap": 0.03012480661331973
    },
    "Tabu": {
      "return": 0.001933627935497163,
      "vol": 0.019811668251431207,
      "sharpe": 0.09760046003987961,
      "obj": -0.0005743117688438143,
      "k": 10.0,
      "feasible": 1.0,
      "qubo_energy": -0.0004932275879263037,
      "time": 1.0529086589813232,
      "gap": 1.6048476173961562e-07
    },
    "Greedy": {
      "return": 0.001933627935497163,
      "vol": 0.019811668251431207,
      "sharpe": 0.09760046003987961,
      "obj": -0.0005743117688438143,
      "k": 10.0,
      "feasible": 1.0,
      "qubo_energy": -0.0004932275879263037,
      "time": 0.001996755599975586,
      "gap": 1.6048476173961562e-07
    },
    "Random": {
      "return": 0.001985355484193355,
      "vol": 0.020615645585892135,
      "sharpe": 0.0963033379634732,
      "obj": -0.0005676728991735635,
      "k": 10.0,
      "feasible": 1.0,
      "qubo_energy": -0.0003880403276447786,
      "time": 0.017996788024902344,
      "gap": 0.011559855000823266
    },
    "GNN": {
      "return": 0.001933627935497163,
      "vol": 0.019811668251431207,
      "sharpe": 0.09760046003987961,
      "obj": -0.0005743117688438143,
      "k": 10.0,
      "feasible": 1.0,
      "qubo_energy": -0.0004932275879263037,
      "time": 2.7479188442230225,
      "qubo_energy_pre_refine": -0.0004932275879263037,
      "gap": 1.6048476173961562e-07
    }
  },
  "crypto": {
    "MIQP(exact)": {
      "return": 0.0029152764372369004,
      "vol": 0.036562870742949234,
      "sharpe": 0.07973324790967298,
      "obj": -0.00012079470165283698,
      "k": 6.0,
      "feasible": 1.0,
      "time": 0.014000415802001953,
      "gap": 0.0
    },
    "SA": {
      "return": 0.0025468791643643695,
      "vol": 0.034967654186171315,
      "sharpe": 0.07283528802946083,
      "obj": -5.070274289852039e-05,
      "k": 6.0,
      "feasible": 1.0,
      "qubo_energy": 0.00020812656128443852,
      "time": 0.0319979190826416,
      "gap": 0.5802568969933825
    },
    "Tabu": {
      "return": 0.0028098717812348713,
      "vol": 0.036057035179014145,
      "sharpe": 0.0779285309311917,
      "obj": -0.00010482610471677185,
      "k": 6.0,
      "feasible": 1.0,
      "qubo_energy": 7.345601575736715e-05,
      "time": 1.0516235828399658,
      "gap": 0.13219617017606247
    },
    "Greedy": {
      "return": 0.0028098717812348713,
      "vol": 0.036057035179014145,
      "sharpe": 0.0779285309311917,
      "obj": -0.00010482610471677185,
      "k": 6.0,
      "feasible": 1.0,
      "qubo_energy": 7.345601575736715e-05,
      "time": 0.0009968280792236328,
      "gap": 0.13219617017606247
    },
    "Random": {
      "return": 0.0026240325102623537,
      "vol": 0.03533444823756391,
      "sharpe": 0.07426272776697147,
      "obj": -6.349302287809349e-05,
      "k": 6.0,
      "feasible": 1.0,
      "qubo_energy": 0.00011128532673071456,
      "time": 0.017002344131469727,
      "gap": 0.4743724516943472
    },
    "GNN": {
      "return": 0.0028098717812348713,
      "vol": 0.036057035179014145,
      "sharpe": 0.0779285309311917,
      "obj": -0.00010482610471677185,
      "k": 6.0,
      "feasible": 1.0,
      "qubo_energy": 7.345601575736715e-05,
      "time": 2.982536554336548,
      "qubo_energy_pre_refine": 7.345601575736715e-05,
      "gap": 0.13219617017606247
    }
  }
}