{
  "SCIP-MIQP(exact)": {
    "obj": -0.0011081599412458652,
    "t": 39.16158437728882,
    "gap_proved": 0.0,
    "status": "optimal",
    "k": 30
  },
  "SA+reweight": {
    "obj": -0.0010778495719009967,
    "t": 4.024950265884399,
    "k": 30
  },
  "Tabu+reweight": {
    "obj": -0.0011082461791335455,
    "t": 1.3062174320220947,
    "k": 30
  },
  "Greedy+reweight": {
    "obj": -0.0011082461791335455,
    "t": 0.9988727569580078,
    "k": 30
  },
  "GNN+reweight": {
    "obj": -0.0011082461791335455,
    "t": 6.674561500549316,
    "k": 30
  }
}