{
  "N": 400,
  "K": 20,
  "results": {
    "Greedy": {
      "obj": -0.006149398041865967,
      "time": 0.37806105613708496,
      "gap_pct": 0.0
    },
    "SA": {
      "obj": -0.005338934492148155,
      "time": 5.856494188308716,
      "gap_pct": 13.179559108063296
    },
    "Random": {
      "obj": -0.005717140914437938,
      "time": 0.353076696395874,
      "gap_pct": 7.02925919716307
    },
    "GNN": {
      "obj": -0.006149398041865967,
      "time": 6.090057373046875,
      "gap_pct": 0.0
    }
  }
}