{
  "MIQP(exact)": {
    "return": 0.007305882969887902,
    "vol": 0.028179881196939257,
    "sharpe": 0.25925882791448485,
    "obj": -0.0028588357806703405,
    "gap": 0.0,
    "k": 10,
    "feasible": true,
    "time": 0.007999897003173828
  },
  "SA": {
    "return": 0.007644621458743991,
    "vol": 0.031809894513485724,
    "sharpe": 0.24032212541613657,
    "obj": -0.002810441340412906,
    "gap": 0.016928023842659096,
    "k": 10,
    "feasible": true,
    "qubo_energy": -0.0013795189556549126,
    "time": 0.24500012397766113
  },
  "Tabu": {
    "return": 0.007305871752144907,
    "vol": 0.02817979557848004,
    "sharpe": 0.2592592175411008,
    "obj": -0.002858834997227531,
    "gap": 2.740426068036119e-07,
    "k": 10,
    "feasible": true,
    "qubo_energy": -0.0023947172190140753,
    "time": 1.0560009479522705
  },
  "Greedy": {
    "return": 0.007305871752144907,
    "vol": 0.02817979557848004,
    "sharpe": 0.2592592175411008,
    "obj": -0.002858834997227531,
    "gap": 2.740426068036119e-07,
    "k": 10,
    "feasible": true,
    "qubo_energy": -0.0023947172190140753,
    "time": 0.002997875213623047
  },
  "Random": {
    "return": 0.007390663988297717,
    "vol": 0.029820444503489807,
    "sharpe": 0.24783882706486174,
    "obj": -0.002806073083763143,
    "gap": 0.018456008303780757,
    "k": 10,
    "feasible": true,
    "qubo_energy": -0.0017074965662078334,
    "time": 0.018000125885009766
  },
  "GNN": {
    "return": 0.007305871752144907,
    "vol": 0.02817979557848004,
    "sharpe": 0.2592592175411008,
    "obj": -0.002858834997227531,
    "gap": 2.740426068036119e-07,
    "k": 10,
    "feasible": true,
    "qubo_energy": -0.0023947172190140753,
    "time": 2.715296506881714,
    "qubo_energy_pre_refine": -0.0023947172190140753
  }
}