{
  "MIQP(exact)": {
    "return": 0.008138349032587748,
    "vol": 0.03148469172955344,
    "sharpe": 0.2584859049119608,
    "obj": -0.0030778887029888633,
    "gap": 0.0,
    "k": 10,
    "feasible": true,
    "time": 0.009001016616821289
  },
  "SA": {
    "return": 0.006987640007824969,
    "vol": 0.033664337739407565,
    "sharpe": 0.20756802233614768,
    "obj": -0.002360532368479584,
    "gap": 0.23306766544634053,
    "k": 10,
    "feasible": true,
    "qubo_energy": -0.0017900524415084273,
    "time": 0.28900146484375
  },
  "Tabu": {
    "return": 0.008138340783247437,
    "vol": 0.03148462831499894,
    "sharpe": 0.25848616352794673,
    "obj": -0.0030778885714900853,
    "gap": 4.272369494214951e-08,
    "k": 10,
    "feasible": true,
    "qubo_energy": -0.0027834444135721448,
    "time": 1.056553840637207
  },
  "Greedy": {
    "return": 0.008138340783247437,
    "vol": 0.03148462831499894,
    "sharpe": 0.25848616352794673,
    "obj": -0.0030778885714900853,
    "gap": 4.272369494214951e-08,
    "k": 10,
    "feasible": true,
    "qubo_energy": -0.0027834444135721448,
    "time": 0.10803699493408203
  },
  "Random": {
    "return": 0.00801244299393641,
    "vol": 0.03213151434657163,
    "sharpe": 0.2493640015691113,
    "obj": -0.0029737872827642663,
    "gap": 0.03382234715748708,
    "k": 10,
    "feasible": true,
    "qubo_energy": -0.0020082014714156715,
    "time": 0.27900028228759766
  },
  "GNN": {
    "return": 0.008138340783247437,
    "vol": 0.03148462831499894,
    "sharpe": 0.25848616352794673,
    "obj": -0.0030778885714900853,
    "gap": 4.272369494214951e-08,
    "k": 10,
    "feasible": true,
    "qubo_energy": -0.0027834444135721448,
    "time": 3.099492073059082,
    "qubo_energy_pre_refine": -0.0027834444135721448
  }
}