{
  "MIQP(exact)": {
    "return": 0.007712928626923444,
    "vol": 0.03727370601413334,
    "sharpe": 0.20692679778068962,
    "obj": -0.002467135153433682,
    "gap": 0.0,
    "k": 10,
    "feasible": true,
    "time": 0.00400090217590332
  },
  "SA": {
    "return": 0.0077129283740567985,
    "vol": 0.0372737051089524,
    "sharpe": 0.2069267960217968,
    "obj": -0.002467135094479255,
    "gap": 2.3895905011705652e-08,
    "k": 10,
    "feasible": true,
    "qubo_energy": -0.0014492306131519417,
    "time": 0.060999155044555664
  },
  "Tabu": {
    "return": 0.0077129283168010975,
    "vol": 0.03727370482516906,
    "sharpe": 0.2069267960611456,
    "obj": -0.002467135087006717,
    "gap": 2.692473696244969e-08,
    "k": 10,
    "feasible": true,
    "qubo_energy": -0.0017645988952633695,
    "time": 1.0499999523162842
  },
  "Greedy": {
    "return": 0.0077129283168010975,
    "vol": 0.03727370482516906,
    "sharpe": 0.2069267960611456,
    "obj": -0.002467135087006717,
    "gap": 2.692473696244969e-08,
    "k": 10,
    "feasible": true,
    "qubo_energy": -0.0017645988952633695,
    "time": 0.0009996891021728516
  },
  "Random": {
    "return": 0.007712928367616784,
    "vol": 0.03727370498733889,
    "sharpe": 0.20692679652416382,
    "obj": -0.00246713510032522,
    "gap": 2.1526369156793288e-08,
    "k": 10,
    "feasible": true,
    "qubo_energy": -0.001551012161822296,
    "time": 0.019017457962036133
  },
  "GNN": {
    "return": 0.0077129283168010975,
    "vol": 0.03727370482516906,
    "sharpe": 0.2069267960611456,
    "obj": -0.002467135087006717,
    "gap": 2.692473696244969e-08,
    "k": 10,
    "feasible": true,
    "qubo_energy": -0.0017645988952633695,
    "time": 2.59399151802063,
    "qubo_energy_pre_refine": -0.0017645988952633695
  }
}