{
  "MIQP(exact)": {
    "return": 0.00889926108237913,
    "vol": 0.02768000271598229,
    "sharpe": 0.32150506536044315,
    "obj": -0.003683447990832778,
    "gap": 0.0,
    "k": 10,
    "feasible": true,
    "time": 0.007002830505371094
  },
  "SA": {
    "return": 0.008899260947004793,
    "vol": 0.027680002189537235,
    "sharpe": 0.3215050665844465,
    "obj": -0.0036834479522896103,
    "gap": 1.0463882722184406e-08,
    "k": 10,
    "feasible": true,
    "qubo_energy": -0.0017958283301046096,
    "time": 0.23200201988220215
  },
  "Tabu": {
    "return": 0.008899258455899731,
    "vol": 0.02767998735630831,
    "sharpe": 0.32150514887686815,
    "obj": -0.003683447527904478,
    "gap": 1.2567797928627622e-07,
    "k": 10,
    "feasible": true,
    "qubo_energy": -0.0024520554524979365,
    "time": 1.0556426048278809
  },
  "Greedy": {
    "return": 0.008899258455899731,
    "vol": 0.02767998735630831,
    "sharpe": 0.32150514887686815,
    "obj": -0.003683447527904478,
    "gap": 1.2567797928627622e-07,
    "k": 10,
    "feasible": true,
    "qubo_energy": -0.0024520554524979365,
    "time": 0.003001689910888672
  },
  "Random": {
    "return": 0.009202660216083841,
    "vol": 0.03156793828694061,
    "sharpe": 0.2915192032002579,
    "obj": -0.00360479538035383,
    "gap": 0.021352985212413904,
    "k": 10,
    "feasible": true,
    "qubo_energy": -0.0019031852057230791,
    "time": 0.018000125885009766
  },
  "GNN": {
    "return": 0.008899258455899731,
    "vol": 0.02767998735630831,
    "sharpe": 0.32150514887686815,
    "obj": -0.003683447527904478,
    "gap": 1.2567797928627622e-07,
    "k": 10,
    "feasible": true,
    "qubo_energy": -0.0024520554524979365,
    "time": 2.69343638420105,
    "qubo_energy_pre_refine": -0.0024520554524979365
  }
}