{
  "port2": {
    "GNN": {
      "MED": 0.00015503986127295732,
      "VRE": 6.9315703863760945,
      "MRE": 1.6543771097319024,
      "n_points": 51,
      "time": 107.45308709144592
    },
    "MIQP": {
      "MED": 0.00014864271240515312,
      "VRE": 6.738104719714133,
      "MRE": 1.2983672260919952,
      "n_points": 51,
      "time": 4.824565649032593
    },
    "SA": {
      "MED": 0.00041895967012538443,
      "VRE": 27.047260809082815,
      "MRE": 3.973445302068265,
      "n_points": 51,
      "time": 12.093212366104126
    },
    "Greedy": {
      "MED": 0.00015503986127295732,
      "VRE": 6.9315703863760945,
      "MRE": 1.6543771097319024,
      "n_points": 51,
      "time": 0.28400301933288574
    }
  },
  "port3": {
    "GNN": {
      "MED": 3.82504270628196e-05,
      "VRE": 2.734833784506226,
      "MRE": 0.33105923256840225,
      "n_points": 51,
      "time": 104.87541484832764
    },
    "MIQP": {
      "MED": 3.818454473835261e-05,
      "VRE": 2.50209759730397,
      "MRE": 0.3441955191344588,
      "n_points": 51,
      "time": 7.047878742218018
    },
    "SA": {
      "MED": 0.00022871129798359793,
      "VRE": 21.374897629597662,
      "MRE": 1.270857080862469,
      "n_points": 51,
      "time": 12.835924625396729
    },
    "Greedy": {
      "MED": 3.82504270628196e-05,
      "VRE": 2.734833784506226,
      "MRE": 0.33105923256840225,
      "n_points": 51,
      "time": 0.289017915725708
    }
  },
  "port4": {
    "GNN": {
      "MED": 7.253392203406165e-05,
      "VRE": 3.014247684099545,
      "MRE": 0.7453624423635213,
      "n_points": 51,
      "time": 108.99970173835754
    },
    "MIQP": {
      "MED": 7.419615873391641e-05,
      "VRE": 2.496568036340165,
      "MRE": 0.9189221457183516,
      "n_points": 51,
      "time": 51.773343563079834
    },
    "SA": {
      "MED": 0.00032103823079358905,
      "VRE": 19.907747589901422,
      "MRE": 2.6080299769844806,
      "n_points": 51,
      "time": 14.724777221679688
    },
    "Greedy": {
      "MED": 7.253392203406165e-05,
      "VRE": 3.014247684099545,
      "MRE": 0.7453624423635213,
      "n_points": 51,
      "time": 2.1283888816833496
    }
  },
  "port5": {
    "GNN": {
      "MED": 1.83947508532402e-05,
      "VRE": 0.8327761791182061,
      "MRE": 0.5246638365092073,
      "n_points": 51,
      "time": 123.4332926273346
    },
    "MIQP": {
      "MED": 4.532694632772497e-05,
      "VRE": 0.4883581964531421,
      "MRE": 1.1460002358704195,
      "n_points": 1,
      "time": 21.532398223876953
    },
    "SA": {
      "MED": 0.00039278736702129304,
      "VRE": 31.493836356740196,
      "MRE": 9.317317412785785,
      "n_points": 51,
      "time": 53.35011005401611
    },
    "Greedy": {
      "MED": 1.83947508532402e-05,
      "VRE": 0.8327761791182061,
      "MRE": 0.5246638365092073,
      "n_points": 51,
      "time": 5.269532203674316
    }
  }
}