{
  "port1": 1.1983624829672286,
  "port2": 3.0438747992398123,
  "port3": 0.8732443759027781,
  "port4": 2.1156318004632393,
  "port5": 2.1300705211560604
}