{
  "port1": {
    "MED": 7.856617504642528e-05,
    "VRE": 1.6203995357749998,
    "MRE": 0.6456109241135841,
    "n_points": 51,
    "max_gap": 0.0,
    "max_time_per_point": 0.5206239223480225
  },
  "port2": {
    "MED": 0.00014947286404291103,
    "VRE": 6.788753671024452,
    "MRE": 1.3650476631553863,
    "n_points": 51,
    "max_gap": 1e+20,
    "max_time_per_point": 59.971596479415894
  },
  "port3": {
    "MED": 3.762705694442512e-05,
    "VRE": 2.5219585472121766,
    "MRE": 0.3329519975172923,
    "n_points": 51,
    "max_gap": 1.291684318838857,
    "max_time_per_point": 59.961514711380005
  },
  "port4": {
    "MED": 7.367137398215458e-05,
    "VRE": 2.6314677471373398,
    "MRE": 0.8720790919810083,
    "n_points": 51,
    "max_gap": 1e+20,
    "max_time_per_point": 59.95857858657837
  },
  "port5": {
    "MED": 1.8754211907160727e-05,
    "VRE": 0.8160873196780462,
    "MRE": 1.5793907326793197,
    "n_points": 51,
    "max_gap": 0.01832654187344702,
    "max_time_per_point": 59.06342172622681
  }
}