{
  "SCIP(exact)": {
    "F": -0.00471068455355256,
    "size": 2,
    "time": 1.0884437561035156,
    "note": "gap=0.000 optimal"
  },
  "Greedy(QP)": {
    "F": -0.004710684553552561,
    "size": 2,
    "time": 0.8566374778747559,
    "note": ""
  },
  "GNN(Ksweep)": {
    "F": -0.004549016382440418,
    "size": 2,
    "time": 40.67833185195923,
    "note": "grid step2"
  }
}