{
  "SCIP(exact)": {
    "F": -0.005062748234092583,
    "size": 3,
    "time": 1.0270001888275146,
    "note": "gap=0.000 optimal"
  },
  "Greedy(QP)": {
    "F": -0.005062748234092582,
    "size": 3,
    "time": 1.1313765048980713,
    "note": ""
  },
  "GNN(Ksweep)": {
    "F": -0.005035419563299853,
    "size": 4,
    "time": 41.200177907943726,
    "note": "grid step2"
  }
}