{
  "port1": {
    "MED": 0.00014144812424122437,
    "VRE": 5.104016390834038,
    "MRE": 0.9797959394287638,
    "n_points": 51
  },
  "port2": {
    "MED": 0.000386502619646756,
    "VRE": 28.24754694140636,
    "MRE": 2.3878948374629734,
    "n_points": 51
  },
  "port3": {
    "MED": 0.00025664905558547103,
    "VRE": 25.78481934274648,
    "MRE": 1.1717100730886714,
    "n_points": 51
  },
  "port4": {
    "MED": 0.00038453612818171117,
    "VRE": 21.086236169338584,
    "MRE": 3.2545686859681324,
    "n_points": 51
  },
  "port5": {
    "MED": 0.00040507292520702067,
    "VRE": 32.0432869284166,
    "MRE": 7.356194688010856,
    "n_points": 51
  }
}