{"instance": "port5", "N": 225, "K": 10, "lambdas": [0.0, 0.02, 0.04, 0.06, 0.08, 0.1, 0.12, 0.14, 0.16, 0.18, 0.2, 0.22, 0.24, 0.26, 0.28, 0.3, 0.32, 0.34, 0.36, 0.38, 0.4, 0.42, 0.44, 0.46, 0.48, 0.5, 0.52, 0.54, 0.56, 0.58, 0.6, 0.62, 0.64, 0.66, 0.68, 0.7000000000000001, 0.72, 0.74, 0.76, 0.78, 0.8, 0.8200000000000001, 0.84, 0.86, 0.88, 0.9, 0.92, 0.9400000000000001, 0.96, 0.98, 1.0], "supports": [[38, 45, 47, 67, 75, 96, 118, 128, 164, 199], [0, 1, 49, 50, 72, 80, 105, 172, 199, 213], [31, 33, 39, 43, 91, 93, 136, 142, 211, 223], [17, 54, 78, 80, 109, 114, 157, 164, 170, 194], [49, 61, 78, 103, 114, 138, 148, 157, 201, 214], [17, 80, 114, 127, 164, 174, 186, 195, 206, 207], [8, 33, 41, 91, 104, 149, 195, 203, 206, 216], [1, 27, 37, 134, 136, 139, 176, 185, 198, 220], [35, 42, 57, 59, 65, 151, 153, 157, 161, 169], [21, 39, 100, 108, 114, 130, 141, 156, 195, 211], [14, 36, 42, 60, 80, 95, 103, 147, 187, 215], [3, 9, 65, 88, 92, 112, 185, 195, 207, 211], [6, 8, 26, 91, 114, 129, 147, 200, 204, 213], [46, 55, 61, 67, 70, 78, 84, 98, 123, 162], [21, 32, 45, 76, 97, 100, 160, 187, 203, 211], [43, 61, 82, 83, 91, 106, 141, 179, 211, 214], [17, 21, 25, 35, 42, 84, 110, 192, 213, 223], [8, 10, 14, 39, 42, 57, 92, 113, 152, 193], [31, 40, 70, 93, 158, 171, 196, 200, 213, 224], [38, 61, 85, 87, 95, 141, 166, 170, 207, 211], [18, 37, 47, 61, 83, 96, 154, 158, 185, 200], [1, 31, 44, 47, 66, 87, 112, 118, 213, 216], [20, 35, 39, 52, 69, 114, 153, 163, 191, 214], [1, 23, 31, 37, 109, 117, 125, 163, 198, 214], [1, 8, 59, 78, 84, 110, 144, 184, 210, 223], [23, 42, 108, 118, 153, 164, 169, 206, 211, 223], [1, 61, 79, 84, 124, 131, 164, 182, 214, 220], [8, 33, 69, 78, 114, 142, 157, 164, 175, 215], [42, 60, 78, 154, 157, 170, 173, 202, 212, 215], [12, 39, 42, 78, 80, 88, 117, 129, 131, 133], [8, 39, 123, 166, 171, 185, 195, 206, 209, 222], [41, 78, 86, 103, 128, 155, 157, 187, 190, 222], [0, 34, 37, 61, 85, 86, 196, 206, 207, 220], [1, 27, 32, 60, 67, 114, 144, 198, 211, 220], [1, 25, 55, 88, 90, 97, 131, 175, 210, 211], [22, 37, 61, 65, 91, 94, 104, 164, 185, 200], [35, 70, 109, 130, 157, 161, 173, 187, 213, 214], [1, 40, 46, 60, 103, 134, 200, 207, 214, 221], [8, 41, 42, 91, 95, 103, 105, 133, 203, 210], [70, 92, 108, 128, 158, 171, 185, 206, 213, 222], [14, 42, 47, 57, 66, 156, 174, 185, 211, 213], [8, 10, 25, 26, 32, 33, 42, 48, 108, 157], [10, 39, 42, 61, 83, 109, 147, 182, 210, 218], [8, 40, 55, 95, 103, 153, 159, 165, 179, 214], [15, 19, 33, 34, 42, 61, 84, 95, 142, 195], [8, 10, 13, 37, 38, 84, 86, 96, 163, 171], [10, 39, 69, 72, 73, 76, 84, 90, 129, 153], [39, 61, 104, 138, 143, 167, 174, 196, 205, 223], [0, 4, 42, 61, 99, 108, 117, 170, 194, 197], [37, 42, 94, 103, 106, 125, 128, 161, 162, 203], [12, 21, 86, 120, 128, 189, 192, 194, 200, 224]], "epochs": 2000, "seeds": 2}