{"instance": "port3", "N": 89, "K": 10, "lambdas": [0.0, 0.02, 0.04, 0.06, 0.08, 0.1, 0.12, 0.14, 0.16, 0.18, 0.2, 0.22, 0.24, 0.26, 0.28, 0.3, 0.32, 0.34, 0.36, 0.38, 0.4, 0.42, 0.44, 0.46, 0.48, 0.5, 0.52, 0.54, 0.56, 0.58, 0.6, 0.62, 0.64, 0.66, 0.68, 0.7000000000000001, 0.72, 0.74, 0.76, 0.78, 0.8, 0.8200000000000001, 0.84, 0.86, 0.88, 0.9, 0.92, 0.9400000000000001, 0.96, 0.98, 1.0], "supports": [[2, 17, 26, 48, 52, 53, 70, 75, 81, 87], [9, 12, 17, 18, 20, 26, 56, 60, 74, 81], [0, 9, 12, 17, 46, 52, 59, 62, 81, 87], [4, 17, 54, 56, 61, 63, 70, 72, 80, 83], [3, 4, 5, 6, 17, 29, 42, 70, 71, 75], [8, 9, 17, 36, 56, 67, 74, 78, 83, 84], [0, 1, 26, 36, 37, 51, 54, 71, 76, 87], [4, 9, 16, 17, 26, 59, 65, 69, 81, 84], [1, 9, 17, 24, 28, 39, 43, 57, 68, 78], [0, 3, 4, 9, 14, 28, 46, 54, 80, 81], [0, 11, 17, 28, 41, 47, 61, 67, 71, 79], [4, 5, 9, 29, 43, 45, 71, 73, 79, 81], [1, 8, 50, 52, 56, 59, 70, 81, 85, 87], [8, 14, 17, 25, 36, 38, 47, 65, 70, 73], [8, 18, 21, 25, 33, 41, 47, 56, 70, 81], [0, 4, 9, 17, 25, 32, 38, 59, 69, 81], [8, 10, 29, 36, 51, 54, 65, 75, 81, 83], [5, 9, 28, 31, 32, 36, 54, 55, 71, 80], [1, 9, 14, 21, 57, 63, 67, 70, 75, 86], [0, 1, 15, 17, 28, 36, 38, 76, 79, 83], [0, 8, 17, 28, 30, 36, 56, 59, 80, 82], [17, 21, 24, 43, 67, 69, 81, 82, 83, 86], [1, 4, 8, 25, 36, 47, 53, 59, 71, 81], [1, 21, 24, 28, 58, 59, 69, 72, 75, 81], [0, 1, 7, 22, 25, 28, 37, 43, 52, 82], [1, 5, 8, 17, 36, 37, 41, 59, 67, 76], [8, 17, 25, 29, 67, 70, 75, 76, 78, 82], [4, 17, 18, 27, 28, 33, 45, 52, 65, 70], [8, 11, 17, 27, 29, 31, 41, 52, 70, 81], [5, 13, 17, 21, 28, 36, 48, 62, 67, 81], [8, 17, 20, 36, 45, 47, 71, 75, 81, 82], [15, 17, 18, 25, 29, 33, 68, 70, 71, 76], [0, 4, 8, 9, 18, 21, 51, 59, 65, 81], [1, 9, 17, 46, 51, 54, 56, 75, 78, 81], [1, 17, 28, 31, 36, 44, 66, 69, 70, 87], [4, 17, 21, 36, 45, 48, 50, 59, 61, 71], [2, 9, 28, 43, 55, 61, 68, 69, 81, 87], [1, 5, 17, 29, 31, 36, 52, 55, 72, 87], [1, 14, 17, 33, 41, 54, 59, 68, 75, 88], [8, 9, 13, 15, 25, 36, 38, 50, 52, 81], [1, 5, 9, 25, 49, 54, 61, 67, 86, 87], [2, 9, 17, 24, 40, 41, 54, 57, 64, 70], [1, 4, 8, 24, 26, 51, 71, 76, 82, 83], [4, 21, 22, 26, 36, 54, 65, 71, 74, 75], [1, 8, 20, 36, 64, 68, 72, 75, 81, 87], [8, 14, 17, 28, 54, 55, 61, 72, 82, 87], [0, 1, 9, 17, 49, 50, 52, 65, 74, 85], [22, 26, 34, 36, 40, 46, 47, 61, 75, 81], [2, 14, 36, 45, 63, 65, 72, 74, 83, 87], [2, 21, 24, 33, 40, 55, 61, 66, 72, 87], [2, 10, 29, 36, 55, 62, 76, 80, 85, 86]], "epochs": 2000, "seeds": 2}