{"instance": "port1", "N": 31, "K": 10, "lambdas": [0.0, 0.02, 0.04, 0.06, 0.08, 0.1, 0.12, 0.14, 0.16, 0.18, 0.2, 0.22, 0.24, 0.26, 0.28, 0.3, 0.32, 0.34, 0.36, 0.38, 0.4, 0.42, 0.44, 0.46, 0.48, 0.5, 0.52, 0.54, 0.56, 0.58, 0.6, 0.62, 0.64, 0.66, 0.68, 0.7000000000000001, 0.72, 0.74, 0.76, 0.78, 0.8, 0.8200000000000001, 0.84, 0.86, 0.88, 0.9, 0.92, 0.9400000000000001, 0.96, 0.98, 1.0], "supports": [[0, 3, 4, 8, 9, 11, 13, 18, 22, 28], [2, 4, 5, 8, 11, 12, 22, 26, 27, 28], [4, 7, 8, 9, 11, 12, 14, 22, 23, 25], [4, 5, 7, 14, 18, 19, 22, 24, 27, 28], [4, 6, 7, 8, 18, 19, 23, 24, 25, 29], [1, 4, 5, 7, 8, 11, 13, 18, 19, 20], [1, 4, 6, 8, 11, 12, 17, 19, 23, 28], [1, 3, 4, 7, 8, 11, 13, 22, 24, 28], [0, 4, 5, 7, 8, 11, 12, 17, 18, 28], [3, 4, 8, 9, 12, 13, 14, 19, 21, 28], [1, 4, 7, 8, 17, 19, 23, 25, 27, 28], [4, 7, 8, 9, 13, 18, 22, 25, 28, 29], [2, 4, 8, 14, 18, 20, 23, 25, 26, 28], [3, 4, 5, 7, 8, 11, 18, 19, 20, 25], [1, 4, 8, 11, 14, 19, 20, 22, 28, 30], [3, 4, 8, 12, 14, 17, 19, 22, 23, 28], [1, 3, 4, 8, 10, 12, 18, 23, 25, 30], [4, 7, 8, 11, 13, 19, 23, 24, 25, 28], [4, 7, 8, 11, 12, 21, 22, 23, 24, 28], [0, 3, 4, 8, 10, 11, 14, 22, 25, 28], [1, 4, 8, 14, 15, 18, 20, 22, 25, 28], [0, 4, 6, 8, 12, 18, 21, 22, 23, 25], [1, 2, 3, 4, 8, 10, 13, 18, 25, 28], [4, 8, 11, 14, 18, 23, 24, 25, 28, 30], [1, 4, 7, 8, 12, 18, 19, 22, 25, 28], [4, 7, 8, 9, 18, 22, 24, 25, 27, 28], [1, 3, 4, 8, 9, 12, 13, 25, 28, 29], [1, 4, 8, 11, 12, 14, 17, 21, 24, 28], [4, 6, 8, 11, 14, 20, 21, 25, 26, 28], [1, 4, 6, 8, 14, 19, 22, 27, 28, 29], [4, 7, 8, 12, 14, 20, 21, 25, 27, 30], [1, 3, 4, 7, 8, 11, 16, 22, 27, 28], [3, 4, 8, 12, 18, 20, 22, 23, 28, 30], [3, 4, 8, 9, 10, 11, 14, 18, 22, 25], [4, 7, 8, 12, 13, 16, 22, 25, 26, 28], [3, 7, 8, 12, 14, 19, 23, 25, 28, 29], [1, 6, 7, 8, 9, 11, 12, 14, 25, 28], [3, 4, 8, 10, 11, 13, 19, 25, 28, 30], [1, 4, 8, 14, 15, 18, 19, 20, 28, 30], [4, 7, 8, 13, 16, 18, 25, 26, 27, 28], [1, 4, 8, 10, 12, 21, 25, 26, 27, 28], [1, 3, 4, 14, 20, 25, 26, 27, 28, 30], [1, 3, 4, 8, 14, 15, 21, 24, 25, 28], [1, 2, 4, 7, 8, 16, 19, 25, 27, 29], [4, 6, 7, 14, 20, 22, 27, 28, 29, 30], [1, 7, 8, 11, 14, 15, 16, 27, 29, 30], [3, 10, 14, 15, 16, 17, 25, 27, 28, 29], [1, 8, 12, 13, 14, 16, 25, 27, 28, 30], [2, 8, 14, 15, 16, 18, 19, 25, 27, 28], [1, 8, 14, 16, 17, 20, 22, 25, 29, 30], [0, 2, 6, 12, 15, 16, 18, 25, 27, 28]], "epochs": 2000, "seeds": 2}