{"instance": "port4", "N": 98, "K": 10, "lambdas": [0.0, 0.02, 0.04, 0.06, 0.08, 0.1, 0.12, 0.14, 0.16, 0.18, 0.2, 0.22, 0.24, 0.26, 0.28, 0.3, 0.32, 0.34, 0.36, 0.38, 0.4, 0.42, 0.44, 0.46, 0.48, 0.5, 0.52, 0.54, 0.56, 0.58, 0.6, 0.62, 0.64, 0.66, 0.68, 0.7000000000000001, 0.72, 0.74, 0.76, 0.78, 0.8, 0.8200000000000001, 0.84, 0.86, 0.88, 0.9, 0.92, 0.9400000000000001, 0.96, 0.98, 1.0], "supports": [[22, 26, 28, 29, 30, 33, 74, 75, 88, 96], [15, 19, 22, 33, 35, 39, 43, 65, 80, 82], [3, 11, 27, 28, 41, 56, 57, 88, 90, 96], [4, 12, 15, 22, 33, 37, 41, 56, 81, 88], [33, 36, 37, 61, 64, 65, 80, 81, 88, 96], [0, 16, 17, 21, 33, 41, 59, 71, 81, 91], [4, 33, 42, 45, 57, 78, 81, 84, 87, 93], [13, 19, 35, 37, 41, 52, 71, 74, 92, 94], [1, 17, 46, 53, 56, 60, 75, 81, 82, 92], [3, 5, 41, 42, 58, 65, 74, 80, 85, 89], [22, 28, 30, 39, 41, 66, 72, 74, 75, 85], [6, 13, 20, 33, 35, 71, 74, 81, 88, 95], [3, 24, 26, 27, 33, 34, 38, 81, 88, 94], [6, 17, 22, 41, 56, 63, 69, 71, 74, 81], [6, 13, 28, 33, 40, 42, 59, 79, 85, 92], [2, 10, 15, 17, 33, 55, 56, 60, 85, 88], [27, 28, 30, 33, 40, 48, 64, 71, 81, 84], [10, 13, 18, 19, 21, 33, 58, 62, 65, 75], [7, 22, 33, 39, 54, 65, 67, 81, 88, 97], [11, 13, 33, 39, 42, 46, 50, 58, 81, 85], [13, 19, 30, 34, 35, 68, 75, 81, 82, 94], [5, 13, 15, 41, 45, 47, 51, 65, 66, 81], [2, 3, 13, 18, 19, 34, 58, 66, 81, 85], [1, 15, 20, 28, 41, 58, 66, 78, 87, 89], [1, 13, 39, 41, 56, 62, 69, 78, 85, 88], [12, 20, 30, 41, 44, 56, 67, 75, 81, 88], [4, 28, 31, 32, 33, 41, 53, 81, 85, 91], [6, 13, 28, 33, 37, 44, 49, 69, 85, 92], [1, 15, 33, 42, 45, 49, 58, 66, 80, 85], [19, 20, 31, 33, 36, 40, 41, 48, 55, 88], [1, 20, 21, 22, 35, 38, 42, 58, 76, 81], [15, 21, 29, 35, 40, 41, 51, 55, 56, 63], [22, 25, 29, 33, 41, 72, 80, 88, 89, 95], [3, 12, 18, 33, 48, 54, 58, 75, 80, 88], [4, 12, 31, 33, 37, 41, 54, 62, 81, 88], [2, 6, 16, 21, 38, 41, 60, 61, 69, 81], [10, 11, 13, 16, 33, 42, 55, 75, 86, 96], [6, 8, 29, 33, 56, 58, 68, 75, 81, 88], [5, 10, 18, 29, 43, 71, 81, 85, 88, 93], [11, 22, 35, 49, 50, 65, 81, 85, 87, 91], [1, 4, 6, 7, 33, 38, 54, 81, 85, 93], [6, 20, 35, 48, 65, 70, 78, 81, 82, 88], [10, 30, 41, 46, 47, 56, 67, 69, 75, 82], [1, 4, 30, 33, 36, 64, 65, 74, 78, 79], [4, 15, 22, 41, 54, 61, 71, 74, 82, 90], [1, 22, 43, 62, 65, 75, 81, 85, 91, 93], [1, 10, 15, 21, 33, 36, 65, 81, 86, 92], [10, 19, 33, 36, 44, 54, 61, 66, 84, 92], [8, 40, 41, 44, 51, 52, 53, 72, 85, 95], [3, 4, 6, 8, 32, 36, 53, 63, 67, 93], [10, 26, 36, 38, 40, 50, 70, 73, 91, 92]], "epochs": 2000, "seeds": 2}