{"instance": "port2", "N": 85, "K": 10, "lambdas": [0.0, 0.02, 0.04, 0.06, 0.08, 0.1, 0.12, 0.14, 0.16, 0.18, 0.2, 0.22, 0.24, 0.26, 0.28, 0.3, 0.32, 0.34, 0.36, 0.38, 0.4, 0.42, 0.44, 0.46, 0.48, 0.5, 0.52, 0.54, 0.56, 0.58, 0.6, 0.62, 0.64, 0.66, 0.68, 0.7000000000000001, 0.72, 0.74, 0.76, 0.78, 0.8, 0.8200000000000001, 0.84, 0.86, 0.88, 0.9, 0.92, 0.9400000000000001, 0.96, 0.98, 1.0], "supports": [[21, 28, 36, 37, 49, 55, 65, 68, 69, 76], [1, 10, 12, 20, 26, 28, 29, 55, 76, 77], [1, 3, 8, 11, 21, 25, 26, 37, 46, 76], [8, 21, 28, 35, 36, 37, 46, 56, 60, 65], [12, 31, 34, 36, 37, 45, 46, 52, 76, 80], [1, 4, 12, 28, 30, 35, 37, 50, 54, 69], [3, 7, 8, 12, 26, 36, 62, 68, 72, 73], [11, 21, 28, 36, 37, 45, 52, 60, 64, 83], [10, 14, 18, 23, 28, 34, 48, 52, 53, 73], [0, 10, 13, 25, 28, 30, 37, 60, 63, 68], [8, 22, 28, 36, 37, 42, 52, 54, 74, 80], [10, 12, 15, 19, 21, 36, 37, 41, 45, 65], [14, 25, 26, 28, 35, 36, 37, 44, 46, 67], [11, 12, 26, 37, 38, 55, 67, 73, 80, 82], [7, 9, 17, 37, 40, 48, 56, 57, 62, 70], [3, 12, 21, 28, 29, 30, 45, 62, 69, 82], [1, 12, 28, 33, 36, 44, 45, 60, 70, 82], [2, 5, 11, 12, 17, 21, 26, 37, 45, 53], [4, 28, 37, 40, 45, 46, 54, 73, 80, 83], [10, 11, 12, 14, 21, 28, 48, 56, 58, 64], [7, 12, 15, 21, 25, 28, 34, 42, 58, 61], [7, 15, 18, 25, 26, 28, 34, 37, 47, 73], [0, 2, 8, 12, 16, 20, 30, 37, 69, 77], [1, 10, 11, 13, 14, 28, 37, 50, 51, 69], [12, 17, 28, 30, 32, 35, 42, 63, 66, 68], [12, 14, 17, 36, 40, 42, 50, 53, 67, 73], [2, 12, 14, 23, 27, 37, 39, 66, 69, 82], [12, 25, 37, 44, 45, 56, 62, 69, 72, 80], [4, 9, 12, 13, 16, 21, 24, 26, 37, 39], [11, 12, 14, 25, 29, 36, 39, 45, 56, 78], [1, 2, 7, 12, 19, 28, 43, 44, 54, 58], [1, 12, 14, 17, 23, 28, 42, 44, 61, 63], [3, 5, 12, 23, 28, 36, 37, 41, 49, 77], [12, 22, 23, 24, 28, 52, 68, 73, 80, 83], [15, 28, 32, 36, 37, 50, 52, 56, 78, 82], [5, 12, 14, 26, 34, 37, 40, 58, 72, 78], [7, 12, 28, 29, 37, 54, 56, 70, 73, 78], [5, 10, 12, 17, 30, 37, 54, 56, 72, 78], [1, 8, 12, 30, 48, 68, 69, 72, 79, 80], [3, 9, 12, 26, 30, 37, 58, 67, 72, 75], [11, 14, 26, 28, 36, 39, 48, 50, 69, 78], [9, 11, 12, 20, 39, 42, 46, 68, 70, 80], [3, 12, 14, 26, 28, 32, 36, 46, 61, 63], [7, 12, 19, 20, 25, 28, 35, 37, 45, 55], [1, 3, 28, 37, 40, 55, 62, 66, 72, 77], [14, 16, 17, 21, 28, 37, 45, 52, 56, 67], [2, 3, 10, 12, 16, 17, 19, 36, 48, 49], [1, 11, 12, 18, 28, 50, 56, 61, 76, 84], [1, 3, 9, 12, 28, 33, 37, 39, 70, 75], [3, 9, 21, 23, 30, 34, 48, 77, 78, 84], [7, 9, 12, 19, 38, 43, 46, 60, 65, 67]], "epochs": 2000, "seeds": 2}