{
  "lambdas": [
    0.1,
    0.17727272727272728,
    0.2545454545454545,
    0.3318181818181818,
    0.40909090909090906,
    0.48636363636363633,
    0.5636363636363636,
    0.6409090909090909,
    0.7181818181818181,
    0.7954545454545454,
    0.8727272727272727,
    0.95
  ],
  "front": {
    "MIQP(exact)": {
      "ret": [
        0.009794,
        0.009671865838129595,
        0.009477842557020947,
        0.009374186283551945,
        0.009309689046726789,
        0.009265686258986258,
        0.009090803485476962,
        0.008941373241925461,
        0.008824098873568586,
        0.008443311639338015,
        0.00756019714057022,
        0.004981609945215696
      ],
      "vol": [
        0.053247,
        0.04693173145093748,
        0.03831772940723523,
        0.034815222799007436,
        0.0331749815691923,
        0.03233518971769432,
        0.029802912567259216,
        0.028080384047806526,
        0.027067415512040487,
        0.024696614521067892,
        0.02113404310653324,
        0.014565315677796677
      ],
      "gap": [
        0.0,
        0.0,
        0.0,
        0.0,
        0.0,
        0.0,
        0.0,
        0.0,
        0.0,
        0.0,
        0.0,
        0.0
      ]
    },
    "GNN": {
      "ret": [
        0.009793997233208456,
        0.0096718449652168,
        0.009477842374017744,
        0.009374186053126527,
        0.009309687678138792,
        0.009265565768603365,
        0.00909080197787203,
        0.008941372101299616,
        0.008823528537608883,
        0.008442049358158734,
        0.007600757482585722,
        0.00502178761180556
      ],
      "vol": [
        0.05324688404702715,
        0.046930839386218996,
        0.038317726983693706,
        0.03481522053529224,
        0.03317496497504428,
        0.032333320912881186,
        0.029802899599573718,
        0.028080377734226385,
        0.027063383613699987,
        0.024690167801025762,
        0.021289260912124065,
        0.01465983324495137
      ],
      "gap": [
        1.4714253961245512e-07,
        3.078435124169136e-07,
        1.3321852911487715e-08,
        1.7344426442364617e-08,
        7.093595878251666e-08,
        7.316079719813466e-07,
        6.410400376864277e-08,
        6.739759935501278e-08,
        2.0340248438817307e-06,
        3.973720143378141e-06,
        0.0010212253555020802,
        0.012942756652768665
      ]
    },
    "SA": {
      "ret": [
        0.008825999934101004,
        0.007507999872643893,
        0.008825999904098608,
        0.00882568111761204,
        0.009309687631842398,
        0.009265686241858083,
        0.009233748688476007,
        0.00825230317906172,
        0.0061940419254135765,
        0.007921399264735488,
        0.006489464347771729,
        0.0034245350183162403
      ],
      "vol": [
        0.03787299954402651,
        0.040296998453119244,
        0.037872999269179426,
        0.03786471446181797,
        0.03317496353474158,
        0.032335189663703745,
        0.031880046658111685,
        0.03953887602993289,
        0.029214896442007303,
        0.026665609347032694,
        0.021220385885524006,
        0.016619100831721443
      ],
      "gap": [
        0.0856998804889763,
        0.2217140604760654,
        0.07132770591702589,
        0.07507413030351087,
        6.861215569010351e-08,
        1.6702011629230851e-09,
        0.002838538579371824,
        0.27501424325364254,
        0.4223160990866803,
        0.15074033115873597,
        0.24365020223994624,
        2.917522075274217
      ]
    },
    "Greedy": {
      "ret": [
        0.009793997233208456,
        0.0096718449652168,
        0.009477842374017744,
        0.009374186053126527,
        0.009309687678138792,
        0.009265565768603365,
        0.00909080197787203,
        0.008941372101299616,
        0.008823528537608883,
        0.008442049358158734,
        0.007600757482585722,
        0.00502178761180556
      ],
      "vol": [
        0.05324688404702715,
        0.046930839386218996,
        0.038317726983693706,
        0.03481522053529224,
        0.03317496497504428,
        0.032333320912881186,
        0.029802899599573718,
        0.028080377734226385,
        0.027063383613699987,
        0.024690167801025762,
        0.021289260912124065,
        0.01465983324495137
      ],
      "gap": [
        1.4714253961245512e-07,
        3.078435124169136e-07,
        1.3321852911487715e-08,
        1.7344426442364617e-08,
        7.093595878251666e-08,
        7.316079719813466e-07,
        6.410400376864277e-08,
        6.739759935501278e-08,
        2.0340248438817307e-06,
        3.973720143378141e-06,
        0.0010212253555020802,
        0.012942756652768665
      ]
    }
  },
  "summary": {
    "MIQP(exact)": {
      "mean_gap_pct": 0.0,
      "max_gap_pct": 0.0
    },
    "GNN": {
      "mean_gap_pct": 0.11642841209269397,
      "max_gap_pct": 1.2942756652768665
    },
    "SA": {
      "mean_gap_pct": 37.21581114217108,
      "max_gap_pct": 291.7522075274217
    },
    "Greedy": {
      "mean_gap_pct": 0.11642841209269397,
      "max_gap_pct": 1.2942756652768665
    }
  },
  "exact": true,
  "N": 85,
  "K": 10
}