{
  "lambdas": [
    0.1,
    0.17727272727272728,
    0.2545454545454545,
    0.3318181818181818,
    0.40909090909090906,
    0.48636363636363633,
    0.5636363636363636,
    0.6409090909090909,
    0.7181818181818181,
    0.7954545454545454,
    0.8727272727272727,
    0.95
  ],
  "front": {
    "MIQP(exact)": {
      "ret": [
        NaN,
        NaN,
        NaN,
        NaN,
        NaN,
        NaN,
        NaN,
        NaN,
        NaN,
        NaN,
        NaN,
        NaN
      ],
      "vol": [
        NaN,
        NaN,
        NaN,
        NaN,
        NaN,
        NaN,
        NaN,
        NaN,
        NaN,
        NaN,
        NaN,
        NaN
      ],
      "gap": [
        NaN,
        NaN,
        NaN,
        NaN,
        NaN,
        NaN,
        NaN,
        NaN,
        NaN,
        NaN,
        NaN,
        NaN
      ]
    },
    "GNN": {
      "ret": [
        0.003970999325002256,
        0.0039082993849192185,
        0.003873267962736145,
        0.003820025765193382,
        0.003721991348302603,
        0.0036424464408639223,
        0.0035845928461598125,
        0.0035230483156065717,
        0.0034524712121532233,
        0.003376051412827816,
        0.0028382584876942814,
        0.0013289667401224523
      ],
      "vol": [
        0.04060194129359516,
        0.03551671677787725,
        0.03359837558502614,
        0.0317605449720682,
        0.028974887556913406,
        0.02720526392569481,
        0.026214138174052593,
        0.02543401631438442,
        0.024778422210349472,
        0.024272460308799895,
        0.022143558811351608,
        0.01857492431632257
      ],
      "gap": [
        0.0,
        0.0,
        0.0,
        0.0,
        0.0,
        0.0,
        0.0,
        0.0,
        0.0,
        0.0,
        0.006886953478673415,
        0.0
      ]
    },
    "SA": {
      "ret": [
        0.0037299999888894984,
        0.0034825899381173554,
        0.002846999835518101,
        0.0036396401740437963,
        0.0020801565451404277,
        0.0036613791600185854,
        0.003660507524496266,
        0.0033792156614867734,
        0.0031598021137610676,
        0.0031296227123413204,
        0.0017187397449122063,
        0.0016042568558981233
      ],
      "vol": [
        0.034798999880111585,
        0.03404608255692629,
        0.03173199771369442,
        0.030628608000314216,
        0.028847991037721236,
        0.02769253408908721,
        0.03358155749809426,
        0.03060315471491832,
        0.030844646975810113,
        0.02591916278738926,
        0.02457000478653922,
        0.021326683725716424
      ],
      "gap": [
        0.05078975037556152,
        0.11100421227540293,
        0.28230724370040844,
        0.04378172069019836,
        0.5211320026669699,
        0.002174647080257262,
        0.1828398343324898,
        0.27900991021412375,
        0.6105139326643039,
        0.5234087562994731,
        3.651216893206147,
        0.3464807010129395
      ]
    },
    "Greedy": {
      "ret": [
        0.003970999325002256,
        0.0039082993849192185,
        0.003873267962736145,
        0.003820025765193382,
        0.003721991348302603,
        0.0036424464408639223,
        0.0035845928461598125,
        0.0035230483156065717,
        0.0034524712121532233,
        0.003376051412827816,
        0.0027783934189642987,
        0.0013289667401224523
      ],
      "vol": [
        0.04060194129359516,
        0.03551671677787725,
        0.03359837558502614,
        0.0317605449720682,
        0.028974887556913406,
        0.02720526392569481,
        0.026214138174052593,
        0.02543401631438442,
        0.024778422210349472,
        0.024272460308799895,
        0.021933630396226488,
        0.01857492431632257
      ],
      "gap": [
        0.0,
        0.0,
        0.0,
        0.0,
        0.0,
        0.0,
        0.0,
        0.0,
        0.0,
        0.0,
        0.0,
        0.0
      ]
    }
  },
  "summary": {
    "MIQP(exact)": {
      "mean_gap_pct": NaN,
      "max_gap_pct": NaN
    },
    "GNN": {
      "mean_gap_pct": 0.057391278988945124,
      "max_gap_pct": 0.6886953478673414
    },
    "SA": {
      "mean_gap_pct": 55.038830037652296,
      "max_gap_pct": 365.1216893206147
    },
    "Greedy": {
      "mean_gap_pct": 0.0,
      "max_gap_pct": 0.0
    }
  },
  "exact": false,
  "N": 225,
  "K": 10
}